{
  "providers": {
    "awscloudformation": {
      "AuthRoleName": "amplify-cryptofolioaws-dev-d3201-authRole",
      "UnauthRoleArn": "arn:aws:iam::533267258199:role/amplify-cryptofolioaws-dev-d3201-unauthRole",
      "AuthRoleArn": "arn:aws:iam::533267258199:role/amplify-cryptofolioaws-dev-d3201-authRole",
      "Region": "us-west-1",
      "DeploymentBucketName": "amplify-cryptofolioaws-dev-d3201-deployment",
      "UnauthRoleName": "amplify-cryptofolioaws-dev-d3201-unauthRole",
      "StackName": "amplify-cryptofolioaws-dev-d3201",
      "StackId": "arn:aws:cloudformation:us-west-1:533267258199:stack/amplify-cryptofolioaws-dev-d3201/c889bad0-3132-11ef-bc11-0236653638d3",
      "AmplifyAppId": "d2jjfr8apuiy9y"
    }
  },
  "auth": {
    "cryptofolioawsefccd2cd": {
      "service": "Cognito",
      "providerPlugin": "awscloudformation",
      "dependsOn": [],
      "customAuth": false,
      "frontendAuthConfig": {
        "socialProviders": [],
        "usernameAttributes": [],
        "signupAttributes": [
          "EMAIL"
        ],
        "passwordProtectionSettings": {
          "passwordPolicyMinLength": 8,
          "passwordPolicyCharacters": []
        },
        "mfaConfiguration": "OFF",
        "mfaTypes": [
          "SMS"
        ],
        "verificationMechanisms": [
          "EMAIL"
        ]
      },
      "providerMetadata": {
        "s3TemplateURL": "https://s3.amazonaws.com/amplify-cryptofolioaws-dev-d3201-deployment/amplify-cfn-templates/auth/cryptofolioawsefccd2cd-cloudformation-template.json",
        "logicalId": "authcryptofolioawsefccd2cd"
      },
      "lastPushTimeStamp": "2024-06-23T19:28:35.771Z",
      "output": {
        "UserPoolId": "us-west-1_kXVGpop5c",
        "AppClientIDWeb": "17kdrm3nttv4plepi6i0cvk93s",
        "AppClientID": "2l6kqslvtfeqo8atsg8lm4ls66",
        "IdentityPoolId": "us-west-1:e134bcd1-26b3-49a4-bfcd-a06a4cffb07f",
        "UserPoolArn": "arn:aws:cognito-idp:us-west-1:533267258199:userpool/us-west-1_kXVGpop5c",
        "IdentityPoolName": "cryptofolioawsefccd2cd_identitypool_efccd2cd__dev",
        "UserPoolName": "cryptofolioawsefccd2cd_userpool_efccd2cd"
      },
      "lastPushDirHash": "WoPpvTPx8zCCgOa7QC/qF3ea+QY="
    }
  },
  "storage": {
    "s35c128e46": {
      "service": "S3",
      "providerPlugin": "awscloudformation",
      "dependsOn": [],
      "lastPushTimeStamp": "2024-06-23T19:28:36.214Z",
      "providerMetadata": {
        "s3TemplateURL": "https://s3.amazonaws.com/amplify-cryptofolioaws-dev-d3201-deployment/amplify-cfn-templates/storage/cloudformation-template.json",
        "logicalId": "storages35c128e46"
      },
      "output": {
        "BucketName": "cryptofolioawsc8d2336548bf4e958b017ad914d757e1d3201-dev",
        "Region": "us-west-1"
      },
      "lastPushDirHash": "DJBVFm2823JjOfKlkfAzQ6j8KDQ="
    }
  },
  "api": {
    "cryptofolioaws": {
      "service": "AppSync",
      "providerPlugin": "awscloudformation",
      "dependsOn": [],
      "output": {
        "authConfig": {
          "defaultAuthentication": {
            "authenticationType": "API_KEY",
            "apiKeyConfig": {
              "apiKeyExpirationDays": 7
            }
          },
          "additionalAuthenticationProviders": []
        },
        "GraphQLAPIIdOutput": "5tbnyn4porbsteunpwmaov2ruu",
        "GraphQLAPIEndpointOutput": "https://bgs5xxsl3bfb7ciu663cgqh4si.appsync-api.us-west-1.amazonaws.com/graphql",
        "GraphQLAPIKeyOutput": "da2-lqt2uzesmjcjnkk6crjv5b3vm4"
      },
      "providerMetadata": {
        "s3TemplateURL": "https://s3.amazonaws.com/amplify-cryptofolioaws-dev-d3201-deployment/amplify-cfn-templates/api/cloudformation-template.json",
        "logicalId": "apicryptofolioaws"
      },
      "lastPushTimeStamp": "2024-06-23T19:28:35.784Z",
      "lastPushDirHash": "MCVGhs5rF2MMj3Lj9GfWs/QUWiM="
    }
  }
}