{
  "dev": {
    "awscloudformation": {
      "AuthRoleName": "amplify-cryptofolioaws-dev-d3201-authRole",
      "UnauthRoleArn": "arn:aws:iam::533267258199:role/amplify-cryptofolioaws-dev-d3201-unauthRole",
      "AuthRoleArn": "arn:aws:iam::533267258199:role/amplify-cryptofolioaws-dev-d3201-authRole",
      "Region": "us-west-1",
      "DeploymentBucketName": "amplify-cryptofolioaws-dev-d3201-deployment",
      "UnauthRoleName": "amplify-cryptofolioaws-dev-d3201-unauthRole",
      "StackName": "amplify-cryptofolioaws-dev-d3201",
      "StackId": "arn:aws:cloudformation:us-west-1:533267258199:stack/amplify-cryptofolioaws-dev-d3201/c889bad0-3132-11ef-bc11-0236653638d3",
      "AmplifyAppId": "d2jjfr8apuiy9y"
    },
    "categories": {
      "auth": {
        "cryptofolioawsefccd2cd": {}
      },
      "storage": {
        "s35c128e46": {}
      },
      "api": {
        "cryptofolioaws": {}
      }
    }
  }
}