{
  "aws_project_region": "us-west-1",
  "aws_cognito_identity_pool_id": "us-west-1:e134bcd1-26b3-49a4-bfcd-a06a4cffb07f",
  "aws_cognito_region": "us-west-1",
  "aws_user_pools_id": "us-west-1_kXVGpop5c",
  "aws_user_pools_web_client_id": "17kdrm3nttv4plepi6i0cvk93s",
  "oauth": {},
  "aws_cognito_username_attributes": [],
  "aws_cognito_social_providers": [],
  "aws_cognito_signup_attributes": [
    "EMAIL"
  ],
  "aws_cognito_mfa_configuration": "OFF",
  "aws_cognito_mfa_types": [
    "SMS"
  ],
  "aws_cognito_password_protection_settings": {
    "passwordPolicyMinLength": 8,
    "passwordPolicyCharacters": []
  },
  "aws_cognito_verification_mechanisms": [
    "EMAIL"
  ],
  "aws_user_files_s3_bucket": "cryptofolioawsc8d2336548bf4e958b017ad914d757e1d3201-dev",
  "aws_user_files_s3_bucket_region": "us-west-1",
  "aws_appsync_graphqlEndpoint": "https://bgs5xxsl3bfb7ciu663cgqh4si.appsync-api.us-west-1.amazonaws.com/graphql",
  "aws_appsync_region": "us-west-1",
  "aws_appsync_authenticationType": "API_KEY",
  "aws_appsync_apiKey": "da2-lqt2uzesmjcjnkk6crjv5b3vm4"
}